created,updated,deleted,country_id,name,alpha2_code,continent,currency_code,coordinates,lat,lon,region,market,country_iso3,is_in_eu,has_payment_embargo,is_in_efta
2017-04-06T06:24:42.362249,2019-01-29T10:45:55.038992,NULL,184,Russia,RU,EU,RUB,"<Point srsName=""EPSG:4326""><coordinates>105.318755999999993,61.524009999999997</coordinates></Point>",61.52401,105.318756,europe,other,rus,false,true,false
2019-05-02T11:34:29.888595,2019-05-02T11:34:29.888595,NULL,251,Canary Islands,ES-CN,EU,EUR,NULL,28.390705,-17.54288,europe,other,NULL,false,false,false
2017-04-06T06:24:41.473742,2017-06-21T11:45:53.500452,NULL,22,Belgium,BE,EU,EUR,"<Point srsName=""EPSG:4326""><coordinates>4.469936,50.503886999999999</coordinates></Point>",50.503887,4.469936,europe,benelux and nordics,bel,true,false,false
2017-04-06T06:24:41.417614,2017-06-21T11:45:51.508632,NULL,13,Aruba,AW,NA,USD,"<Point srsName=""EPSG:4326""><coordinates>-69.968338000000003,12.52111</coordinates></Point>",12.52111,-69.968338,north-america,other,abw,false,true,false
2017-04-06T06:24:41.377165,2017-06-21T11:45:45.452595,NULL,6,Andorra,AD,EU,EUR,"<Point srsName=""EPSG:4326""><coordinates>1.601554,42.546244999999999</coordinates></Point>",42.546245,1.601554,europe,other,and,false,false,false
2017-04-06T06:24:42.648249,2017-06-21T11:46:56.006692,NULL,235,United Arab Emirates,AE,AS,USD,"<Point srsName=""EPSG:4326""><coordinates>53.847817999999997,23.424075999999999</coordinates></Point>",23.424076,53.847818,row,other,are,false,false,false
2017-04-06T06:24:41.343989,2017-06-21T11:45:37.280595,NULL,1,Afghanistan,AF,AS,USD,"<Point srsName=""EPSG:4326""><coordinates>67.709952999999999,33.939109999999999</coordinates></Point>",33.93911,67.709953,row,other,afg,false,true,false
2017-04-06T06:24:41.401348,2017-06-21T11:45:50.445593,NULL,10,Antigua and Barbuda,AG,NA,USD,"<Point srsName=""EPSG:4326""><coordinates>-61.796427999999999,17.060815999999999</coordinates></Point>",17.060816,-61.796428,north-america,other,atg,false,false,false
2017-04-06T06:24:41.389671,2017-06-21T11:45:50.304656,NULL,8,Anguilla,AI,NA,USD,"<Point srsName=""EPSG:4326""><coordinates>-63.068615000000001,18.220554</coordinates></Point>",18.220554,-63.068615,north-america,other,aia,false,true,false
2017-04-06T06:24:41.357711,2017-06-21T11:45:41.764596,NULL,3,Albania,AL,EU,EUR,"<Point srsName=""EPSG:4326""><coordinates>20.168330999999998,41.153331999999999</coordinates></Point>",41.153332,20.168331,europe,other,alb,false,false,false
2017-04-06T06:24:41.418747,2017-06-21T11:45:51.492595,NULL,12,Armenia,AM,AS,EUR,"<Point srsName=""EPSG:4326""><coordinates>45.038189000000003,40.069099000000001</coordinates></Point>",40.069099,45.038189,row,other,arm,false,true,false
2017-04-06T06:24:42.211605,2017-06-21T11:46:35.069328,NULL,158,Netherlands Antilles,AN,NA,EUR,"<Point srsName=""EPSG:4326""><coordinates>-69.060086999999996,12.226079</coordinates></Point>",12.226079,-69.060087,north-america,other,ant,false,true,false
2017-04-06T06:24:41.381177,2017-06-21T11:45:49.420769,NULL,7,Angola,AO,AF,USD,"<Point srsName=""EPSG:4326""><coordinates>17.873887,-11.202692000000001</coordinates></Point>",-11.202692,17.873887,row,other,ago,false,true,false
2017-04-06T06:24:41.393482,2017-06-21T11:45:50.332726,NULL,9,Antarctica,AQ,AN,USD,"<Point srsName=""EPSG:4326""><coordinates>-0.071389,-75.250973000000002</coordinates></Point>",-75.250973,-0.071389,row,other,ata,false,true,false
2017-04-06T06:24:41.405352,2017-06-21T11:45:50.500598,NULL,11,Argentina,AR,SA,USD,"<Point srsName=""EPSG:4326""><coordinates>-63.616672000000001,-38.416097000000001</coordinates></Point>",-38.416097,-63.616672,row,other,arg,false,false,false
2017-04-06T06:24:41.369429,2017-06-21T11:45:44.872596,NULL,5,American Samoa,AS,OC,USD,"<Point srsName=""EPSG:4326""><coordinates>-170.132216999999997,-14.270972</coordinates></Point>",-14.270972,-170.132217,row,other,asm,false,false,false
2017-04-06T06:24:41.429489,2017-06-21T11:45:52.416673,NULL,15,Austria,AT,EU,EUR,"<Point srsName=""EPSG:4326""><coordinates>14.550072,47.516230999999998</coordinates></Point>",47.516231,14.550072,europe,dach,aut,true,false,false
2017-04-06T06:24:41.429829,2017-06-21T11:45:51.538828,NULL,14,Australia,AU,OC,AUD,"<Point srsName=""EPSG:4326""><coordinates>133.775136000000003,-25.274398000000001</coordinates></Point>",-25.274398,133.775136,row,other,aus,false,false,false
2017-04-06T06:24:41.438813,2017-06-21T11:45:52.764596,NULL,16,Azerbaijan,AZ,AS,USD,"<Point srsName=""EPSG:4326""><coordinates>47.576926999999998,40.143104999999998</coordinates></Point>",40.143105,47.576927,row,other,aze,false,true,false
2017-04-06T06:24:41.507517,2017-06-21T11:45:54.608733,NULL,28,Bosnia and Herzegovina,BA,EU,EUR,"<Point srsName=""EPSG:4326""><coordinates>17.679075999999998,43.915886</coordinates></Point>",43.915886,17.679076,europe,other,bih,false,false,false
2017-04-06T06:24:41.462214,2017-06-21T11:45:52.979669,NULL,20,Barbados,BB,NA,USD,"<Point srsName=""EPSG:4326""><coordinates>-59.543197999999997,13.193887</coordinates></Point>",13.193887,-59.543198,north-america,other,brb,false,false,false
2017-04-06T06:24:41.458404,2017-06-21T11:45:52.977304,NULL,19,Bangladesh,BD,AS,USD,"<Point srsName=""EPSG:4326""><coordinates>90.356330999999997,23.684994</coordinates></Point>",23.684994,90.356331,row,other,bgd,false,true,false
2017-04-06T06:24:41.547144,2017-06-21T11:45:56.320643,NULL,36,Burkina Faso,BF,AF,USD,"<Point srsName=""EPSG:4326""><coordinates>-1.561593,12.238333000000001</coordinates></Point>",12.238333,-1.561593,row,other,bfa,false,true,false
2017-04-06T06:24:41.543984,2017-06-21T11:45:56.215826,NULL,35,Bulgaria,BG,EU,EUR,"<Point srsName=""EPSG:4326""><coordinates>25.48583,42.733882999999999</coordinates></Point>",42.733883,25.48583,europe,other,bgr,true,false,false
2017-04-06T06:24:41.450969,2017-06-21T11:45:52.974638,NULL,18,Bahrain,BH,AS,USD,"<Point srsName=""EPSG:4326""><coordinates>50.637771999999998,25.930413999999999</coordinates></Point>",25.930414,50.637772,row,other,bhr,false,false,false
2017-04-06T06:24:41.555710,2017-06-21T11:45:57.031725,NULL,37,Burundi,BI,AF,USD,"<Point srsName=""EPSG:4326""><coordinates>29.918886000000001,-3.373056</coordinates></Point>",-3.373056,29.918886,row,other,bdi,false,true,false
2017-04-06T06:24:41.483164,2017-06-21T11:45:53.632616,NULL,24,Benin,BJ,AF,USD,"<Point srsName=""EPSG:4326""><coordinates>2.315834,9.307689999999999</coordinates></Point>",9.30769,2.315834,row,other,ben,false,true,false
2017-04-06T06:24:41.492414,2017-06-21T11:45:54.063190,NULL,25,Bermuda,BM,NA,USD,"<Point srsName=""EPSG:4326""><coordinates>-64.757369999999995,32.321384000000002</coordinates></Point>",32.321384,-64.75737,north-america,other,bmu,false,false,false
2017-04-06T06:24:41.537805,2017-06-21T11:45:55.656597,NULL,34,Brunei,BN,AS,SGD,"<Point srsName=""EPSG:4326""><coordinates>114.727669000000006,4.535277</coordinates></Point>",4.535277,114.727669,row,other,brn,false,true,false
2017-04-06T06:24:41.501272,2017-06-09T13:45:05.912625,NULL,27,Bolivia,BO,SA,USD,"<Point srsName=""EPSG:4326""><coordinates>-63.588653000000001,-16.290154000000001</coordinates></Point>",-16.290154,-63.588653,row,other,bol,false,true,false
2017-04-06T06:24:41.528623,2017-06-21T11:45:55.532633,NULL,32,Brazil,BR,SA,USD,"<Point srsName=""EPSG:4326""><coordinates>-51.925280000000001,-14.235004</coordinates></Point>",-14.235004,-51.92528,row,other,bra,false,false,false
2017-04-06T06:24:41.442815,2017-06-21T11:45:52.936594,NULL,17,Bahamas,BS,NA,USD,"<Point srsName=""EPSG:4326""><coordinates>-77.396280000000004,25.034279999999999</coordinates></Point>",25.03428,-77.39628,north-america,other,bhs,false,false,false
2017-04-06T06:24:41.495905,2017-06-21T11:45:54.140594,NULL,26,Bhutan,BT,AS,INR,"<Point srsName=""EPSG:4326""><coordinates>90.433600999999996,27.514161999999999</coordinates></Point>",27.514162,90.433601,row,other,btn,false,true,false
2017-04-06T06:24:41.519576,2018-11-27T10:43:13.976442,NULL,31,Bouvet Island,BV,AN,NOK,"<Point srsName=""EPSG:4326""><coordinates>3.413194,-54.423198999999997</coordinates></Point>",-54.423199,3.413194,row,other,bvt,false,true,false
2017-04-06T06:24:41.519691,2017-06-21T11:45:55.414974,NULL,30,Botswana,BW,AF,USD,"<Point srsName=""EPSG:4326""><coordinates>24.684866,-22.328474</coordinates></Point>",-22.328474,24.684866,row,other,bwa,false,false,false
2017-04-06T06:24:41.471865,2017-06-21T11:45:52.995799,NULL,21,Belarus,BY,EU,EUR,"<Point srsName=""EPSG:4326""><coordinates>27.953389000000001,53.709806999999998</coordinates></Point>",53.709807,27.953389,europe,other,blr,false,true,false
2017-04-06T06:24:41.484096,2017-06-21T11:45:53.594933,NULL,23,Belize,BZ,NA,USD,"<Point srsName=""EPSG:4326""><coordinates>-88.497649999999993,17.189876999999999</coordinates></Point>",17.189877,-88.49765,north-america,other,blz,false,false,false
2017-04-06T06:24:41.566699,2017-06-21T11:45:57.943445,NULL,40,Canada,CA,NA,CAD,"<Point srsName=""EPSG:4326""><coordinates>-106.346771000000004,56.130366000000002</coordinates></Point>",56.130366,-106.346771,north-america,us/ca,can,false,false,false
2017-04-06T06:24:41.614903,2018-11-27T10:43:33.591002,NULL,48,Cocos (Keeling) Islands,CC,AS,USD,"<Point srsName=""EPSG:4326""><coordinates>96.870956000000007,-12.164165000000001</coordinates></Point>",-12.164165,96.870956,row,other,cck,false,true,false
2017-04-06T06:24:41.640188,2017-06-21T11:46:01.053147,NULL,52,Congo (Kinshasa),CD,AF,USD,"<Point srsName=""EPSG:4326""><coordinates>21.758664,-4.038333</coordinates></Point>",-4.038333,21.758664,row,other,cod,false,true,false
2017-04-06T06:24:41.587088,2017-06-21T11:45:58.764595,NULL,43,Central African Republic,CF,AF,USD,"<Point srsName=""EPSG:4326""><coordinates>20.939444000000002,6.611111</coordinates></Point>",6.611111,20.939444,row,other,caf,false,true,false
2017-04-06T06:24:41.633859,2017-06-21T11:46:00.820598,NULL,51,Congo (Brazzaville),CG,AF,USD,"<Point srsName=""EPSG:4326""><coordinates>15.827659000000001,-0.228021</coordinates></Point>",-0.228021,15.827659,row,other,cog,false,true,false
2017-04-06T06:24:42.541799,2017-06-21T11:46:51.340660,NULL,217,Switzerland,CH,EU,CHF,"<Point srsName=""EPSG:4326""><coordinates>8.227512000000001,46.818187999999999</coordinates></Point>",46.818188,8.227512,europe,dach,che,false,false,true
2017-04-06T06:24:41.660817,2017-06-21T11:46:01.172211,NULL,55,Ivory Coast,CI,AF,USD,"<Point srsName=""EPSG:4326""><coordinates>-5.54708,7.539989</coordinates></Point>",7.539989,-5.54708,row,other,civ,false,true,false
2017-04-06T06:24:41.642812,2017-06-21T11:46:01.097316,NULL,53,Cook Islands,CK,OC,NZD,"<Point srsName=""EPSG:4326""><coordinates>-159.777670999999998,-21.236736000000001</coordinates></Point>",-21.236736,-159.777671,row,other,cok,false,true,false
2017-04-06T06:24:41.596369,2017-06-21T11:45:58.864595,NULL,45,Chile,CL,SA,USD,"<Point srsName=""EPSG:4326""><coordinates>-71.542968999999999,-35.675147000000003</coordinates></Point>",-35.675147,-71.542969,row,other,chl,false,false,false
2017-04-06T06:24:41.567839,2017-06-21T11:45:57.716679,NULL,39,Cameroon,CM,AF,USD,"<Point srsName=""EPSG:4326""><coordinates>12.354722000000001,7.369722</coordinates></Point>",7.369722,12.354722,row,other,cmr,false,true,false
2017-04-06T06:24:41.607596,2017-06-21T11:45:59.147640,NULL,46,China,CN,AS,USD,"<Point srsName=""EPSG:4326""><coordinates>104.195397,35.861660000000001</coordinates></Point>",35.86166,104.195397,row,other,chn,false,false,false
2017-04-06T06:24:41.622468,2017-06-21T11:46:00.039610,NULL,49,Colombia,CO,SA,USD,"<Point srsName=""EPSG:4326""><coordinates>-74.297332999999995,4.570868</coordinates></Point>",4.570868,-74.297333,row,other,col,false,false,false
2017-04-06T06:24:41.651577,2017-06-21T11:46:01.133786,NULL,54,Costa Rica,CR,NA,USD,"<Point srsName=""EPSG:4326""><coordinates>-83.753428,9.748917</coordinates></Point>",9.748917,-83.753428,north-america,other,cri,false,false,false
2017-04-06T06:24:41.669961,2018-11-27T10:44:00.749273,NULL,57,Cuba,CU,NA,USD,"<Point srsName=""EPSG:4326""><coordinates>-77.781166999999996,21.521757000000001</coordinates></Point>",21.521757,-77.781167,north-america,other,cub,false,true,false
2017-04-06T06:24:41.577543,2017-06-21T11:45:58.381580,NULL,41,Cape Verde,CV,AF,USD,"<Point srsName=""EPSG:4326""><coordinates>-24.013197000000002,16.002082000000001</coordinates></Point>",16.002082,-24.013197,row,other,cpv,false,true,false
2017-04-06T06:24:41.605704,2018-11-27T10:44:33.620498,NULL,47,Christmas Island,CX,AS,USD,"<Point srsName=""EPSG:4326""><coordinates>105.690449000000001,-10.447525000000001</coordinates></Point>",-10.447525,105.690449,row,other,cxr,false,true,false
2017-04-06T06:24:41.680957,2017-06-21T11:46:01.893777,NULL,59,Cyprus,CY,EU,EUR,"<Point srsName=""EPSG:4326""><coordinates>33.429859,35.126412999999999</coordinates></Point>",35.126413,33.429859,europe,other,cyp,true,false,false
2017-04-06T06:24:41.685420,2017-06-21T11:46:02.020685,NULL,60,Czech Republic,CZ,EU,EUR,"<Point srsName=""EPSG:4326""><coordinates>15.472962000000001,49.817492000000001</coordinates></Point>",49.817492,15.472962,europe,other,cze,true,false,false
2017-04-06T06:24:41.809145,2017-06-21T11:46:06.060735,NULL,83,Germany,DE,EU,EUR,"<Point srsName=""EPSG:4326""><coordinates>10.451525999999999,51.165691000000002</coordinates></Point>",51.165691,10.451526,europe,dach,deu,true,false,false
2017-04-06T06:24:41.697169,2017-06-21T11:46:02.952886,NULL,62,Djibouti,DJ,AF,USD,"<Point srsName=""EPSG:4326""><coordinates>42.590274999999998,11.825138000000001</coordinates></Point>",11.825138,42.590275,row,other,dji,false,true,false
2017-04-06T06:24:41.690602,2017-06-21T11:46:02.786192,NULL,61,Denmark,DK,EU,DKK,"<Point srsName=""EPSG:4326""><coordinates>9.501785,56.263919999999999</coordinates></Point>",56.26392,9.501785,europe,benelux and nordics,dnk,true,false,false
2017-04-06T06:24:41.699813,2017-06-21T11:46:02.966316,NULL,63,Dominica,DM,NA,USD,"<Point srsName=""EPSG:4326""><coordinates>-61.370975999999999,15.414999</coordinates></Point>",15.414999,-61.370976,north-america,other,dma,false,false,false
2017-04-06T06:24:41.709268,2017-06-21T11:46:03.298104,NULL,64,Dominican Republic,DO,NA,USD,"<Point srsName=""EPSG:4326""><coordinates>-70.162650999999997,18.735693000000001</coordinates></Point>",18.735693,-70.162651,north-america,other,dom,false,false,false
2017-04-06T06:24:41.362037,2017-06-21T11:45:41.916597,NULL,4,Algeria,DZ,AF,EUR,"<Point srsName=""EPSG:4326""><coordinates>1.659626,28.033885999999999</coordinates></Point>",28.033886,1.659626,row,other,dza,false,false,false
2017-04-06T06:24:41.709053,2017-06-21T11:46:03.382269,NULL,65,Ecuador,EC,SA,USD,"<Point srsName=""EPSG:4326""><coordinates>-78.183406000000005,-1.831239</coordinates></Point>",-1.831239,-78.183406,row,other,ecu,false,false,false
2017-04-06T06:24:41.736638,2017-06-21T11:46:03.696626,NULL,70,Estonia,EE,EU,EUR,"<Point srsName=""EPSG:4326""><coordinates>25.013607,58.595272000000001</coordinates></Point>",58.595272,25.013607,europe,other,est,true,false,false
2017-04-06T06:24:41.718073,2017-06-21T11:46:03.412158,NULL,66,Egypt,EG,AF,EUR,"<Point srsName=""EPSG:4326""><coordinates>30.802498,26.820553</coordinates></Point>",26.820553,30.802498,row,other,egy,false,false,false
2017-04-06T06:24:42.715192,2017-06-21T11:46:57.456721,NULL,247,Western Sahara,EH,AF,USD,"<Point srsName=""EPSG:4326""><coordinates>-12.885833999999999,24.215527000000002</coordinates></Point>",24.215527,-12.885834,row,other,esh,false,true,false
2017-04-06T06:24:41.733494,2017-06-21T11:46:03.652260,NULL,69,Eritrea,ER,AF,USD,"<Point srsName=""EPSG:4326""><coordinates>39.782333999999999,15.179384000000001</coordinates></Point>",15.179384,39.782334,row,other,eri,false,true,false
2017-04-06T06:24:42.504192,2017-06-21T11:46:43.173033,NULL,209,Spain,ES,EU,EUR,"<Point srsName=""EPSG:4326""><coordinates>-3.74922,40.463667000000001</coordinates></Point>",40.463667,-3.74922,europe,other,esp,true,false,false
2017-04-06T06:24:41.746235,2017-06-21T11:46:03.773836,NULL,71,Ethiopia,ET,AF,USD,"<Point srsName=""EPSG:4326""><coordinates>40.489673000000003,9.145</coordinates></Point>",9.145,40.489673,row,other,eth,false,true,false
2017-04-06T06:24:41.765171,2017-06-21T11:46:04.081908,NULL,75,Finland,FI,EU,EUR,"<Point srsName=""EPSG:4326""><coordinates>25.748151,61.924109999999999</coordinates></Point>",61.92411,25.748151,europe,benelux and nordics,fin,true,false,false
2017-04-06T06:24:41.759568,2017-06-21T11:46:03.988757,NULL,74,Fiji,FJ,OC,USD,"<Point srsName=""EPSG:4326""><coordinates>179.414412999999996,-16.578192999999999</coordinates></Point>",-16.578193,179.414413,row,other,fji,false,false,false
2017-04-06T06:24:41.745657,2017-06-21T11:46:03.816669,NULL,72,Falkland Islands,FK,SA,USD,"<Point srsName=""EPSG:4326""><coordinates>-59.523612999999997,-51.796253</coordinates></Point>",-51.796253,-59.523613,row,other,flk,false,true,false
2017-04-06T06:24:42.142997,2017-06-21T11:46:31.608161,NULL,145,Micronesia,FM,OC,USD,"<Point srsName=""EPSG:4326""><coordinates>150.550812000000008,7.425554</coordinates></Point>",7.425554,150.550812,row,other,fsm,false,true,false
2017-04-06T06:24:41.755639,2017-06-21T11:46:04.014780,NULL,73,Faroe Islands,FO,EU,DKK,"<Point srsName=""EPSG:4326""><coordinates>-6.911806,61.892634999999999</coordinates></Point>",61.892635,-6.911806,europe,other,fro,false,false,false
2017-04-06T06:24:41.771275,2017-06-21T11:46:04.096616,NULL,76,France,FR,EU,EUR,"<Point srsName=""EPSG:4326""><coordinates>2.213749,46.227637999999999</coordinates></Point>",46.227638,2.213749,europe,france,fra,true,false,false
2017-04-06T06:24:41.797228,2017-06-21T11:46:04.540613,NULL,80,Gabon,GA,AF,USD,"<Point srsName=""EPSG:4326""><coordinates>11.609444,-0.803689</coordinates></Point>",-0.803689,11.609444,row,other,gab,false,true,false
2017-04-06T06:24:42.659191,2017-06-21T11:46:56.018506,NULL,236,United Kingdom,GB,EU,GBP,"<Point srsName=""EPSG:4326""><coordinates>-3.435973,55.378050999999999</coordinates></Point>",55.378051,-3.435973,europe,uki,gbr,true,false,false
2017-04-06T06:24:41.832547,2017-06-21T11:46:07.394106,NULL,88,Grenada,GD,NA,USD,"<Point srsName=""EPSG:4326""><coordinates>-61.604171000000001,12.262776000000001</coordinates></Point>",12.262776,-61.604171,north-america,other,grd,false,false,false
2017-04-06T06:24:41.805407,2017-06-21T11:46:05.668078,NULL,82,Georgia,GE,AS,USD,"<Point srsName=""EPSG:4326""><coordinates>43.356892000000002,42.315407</coordinates></Point>",42.315407,43.356892,row,other,geo,false,false,false
2017-04-06T06:24:41.774518,2017-06-21T11:46:04.106218,NULL,77,French Guiana,GF,SA,EUR,"<Point srsName=""EPSG:4326""><coordinates>-53.125782000000001,3.933889</coordinates></Point>",3.933889,-53.125782,row,other,guf,false,false,false
2017-04-06T06:24:41.857279,2017-06-21T11:46:07.673474,NULL,92,Guernsey,GG,EU,GBP,"<Point srsName=""EPSG:4326""><coordinates>-2.585278,49.465691</coordinates></Point>",49.465691,-2.585278,europe,other,ggy,false,false,false
2017-04-06T06:24:41.814348,2017-06-21T11:46:06.091930,NULL,84,Ghana,GH,AF,USD,"<Point srsName=""EPSG:4326""><coordinates>-1.023194,7.946527</coordinates></Point>",7.946527,-1.023194,row,other,gha,false,true,false
2017-04-06T06:24:41.821110,2017-06-21T11:46:06.333694,NULL,85,Gibraltar,GI,EU,GBP,"<Point srsName=""EPSG:4326""><coordinates>-5.345374,36.137740999999998</coordinates></Point>",36.137741,-5.345374,europe,other,gib,false,false,false
2017-04-06T06:24:41.833202,2017-06-21T11:46:07.323937,NULL,87,Greenland,GL,NA,DKK,"<Point srsName=""EPSG:4326""><coordinates>-42.604303000000002,71.706935999999999</coordinates></Point>",71.706936,-42.604303,north-america,other,grl,false,false,false
2017-04-06T06:24:41.796509,2017-06-21T11:46:04.609064,NULL,81,Gambia,GM,AF,USD,"<Point srsName=""EPSG:4326""><coordinates>-15.310138999999999,13.443182</coordinates></Point>",13.443182,-15.310139,row,other,gmb,false,true,false
2017-04-06T06:24:41.859906,2017-06-21T11:46:07.679952,NULL,93,Guinea,GN,AF,USD,"<Point srsName=""EPSG:4326""><coordinates>-9.696645,9.945587</coordinates></Point>",9.945587,-9.696645,row,other,gin,false,true,false
2017-04-06T06:24:41.841552,2017-06-21T11:46:07.399601,NULL,89,Guadeloupe,GP,NA,EUR,"<Point srsName=""EPSG:4326""><coordinates>-62.067641000000002,16.995971000000001</coordinates></Point>",16.995971,-62.067641,north-america,other,glp,false,false,false
2017-04-06T06:24:41.727451,2017-06-21T11:46:03.477343,NULL,68,Equatorial Guinea,GQ,AF,USD,"<Point srsName=""EPSG:4326""><coordinates>10.267894999999999,1.650801</coordinates></Point>",1.650801,10.267895,row,other,gnq,false,true,false
2017-04-06T06:24:41.823314,2017-06-21T11:46:07.289456,NULL,86,Greece,GR,EU,EUR,"<Point srsName=""EPSG:4326""><coordinates>21.824311999999999,39.074207999999999</coordinates></Point>",39.074208,21.824312,europe,other,grc,true,false,false
2017-04-06T06:24:42.495742,2018-11-27T10:45:14.031153,NULL,208,South Georgia and the South Sandwich Islands,GS,AN,GBP,"<Point srsName=""EPSG:4326""><coordinates>-36.587909000000003,-54.429578999999997</coordinates></Point>",-54.429579,-36.587909,row,other,sgs,false,true,false
2017-04-06T06:24:41.850579,2017-06-21T11:46:07.560598,NULL,91,Guatemala,GT,NA,USD,"<Point srsName=""EPSG:4326""><coordinates>-90.230759000000006,15.783471</coordinates></Point>",15.783471,-90.230759,north-america,other,gtm,false,false,false
2017-04-06T06:24:41.845393,2017-06-21T11:46:07.441649,NULL,90,Guam,GU,OC,USD,"<Point srsName=""EPSG:4326""><coordinates>144.793731000000008,13.444304000000001</coordinates></Point>",13.444304,144.793731,row,other,gum,false,false,false
2017-04-06T06:24:41.869534,2017-06-21T11:46:07.675663,NULL,94,Guinea-Bissau,GW,AF,USD,"<Point srsName=""EPSG:4326""><coordinates>-15.180413,11.803749</coordinates></Point>",11.803749,-15.180413,row,other,gnb,false,true,false
2017-04-06T06:24:41.869080,2017-06-21T11:46:07.709125,NULL,95,Guyana,GY,SA,USD,"<Point srsName=""EPSG:4326""><coordinates>-58.93018,4.860416</coordinates></Point>",4.860416,-58.93018,row,other,guy,false,true,false
2017-04-06T06:24:41.899084,2017-06-21T11:46:08.096979,NULL,100,"Hong Kong S.A.R., China",HK,AS,HKD,"<Point srsName=""EPSG:4326""><coordinates>114.109497000000005,22.396428</coordinates></Point>",22.396428,114.109497,row,other,hkg,false,false,false
2017-04-06T06:24:41.881778,2018-11-27T10:45:24.844633,NULL,97,Heard Island and McDonald Islands,HM,AN,AUD,"<Point srsName=""EPSG:4326""><coordinates>73.504158000000004,-53.081809999999997</coordinates></Point>",-53.08181,73.504158,row,other,hmd,false,true,false
2017-04-06T06:24:41.893528,2017-06-21T11:46:08.068696,NULL,99,Honduras,HN,NA,USD,"<Point srsName=""EPSG:4326""><coordinates>-86.241905000000003,15.199999</coordinates></Point>",15.199999,-86.241905,north-america,other,hnd,false,false,false
2017-04-06T06:24:41.660667,2017-06-21T11:46:01.234597,NULL,56,Croatia,HR,EU,EUR,"<Point srsName=""EPSG:4326""><coordinates>15.199999999999999,45.100000000000001</coordinates></Point>",45.1,15.2,europe,other,hrv,true,false,false
2017-04-06T06:24:41.879293,2017-06-21T11:46:07.988608,NULL,96,Haiti,HT,NA,USD,"<Point srsName=""EPSG:4326""><coordinates>-72.285214999999994,18.971187</coordinates></Point>",18.971187,-72.285215,north-america,other,hti,false,true,false
2017-04-06T06:24:41.905134,2017-06-21T11:46:08.114435,NULL,101,Hungary,HU,EU,HUF,"<Point srsName=""EPSG:4326""><coordinates>19.503304,47.162494000000002</coordinates></Point>",47.162494,19.503304,europe,other,hun,true,false,false
2017-04-06T06:24:41.917463,2017-06-21T11:46:08.316594,NULL,104,Indonesia,ID,AS,USD,"<Point srsName=""EPSG:4326""><coordinates>113.921327000000005,-0.789275</coordinates></Point>",-0.789275,113.921327,row,other,idn,false,false,false
2017-04-06T06:24:41.936899,2017-06-21T11:46:13.676594,NULL,107,Ireland,IE,EU,EUR,"<Point srsName=""EPSG:4326""><coordinates>-8.24389,53.412909999999997</coordinates></Point>",53.41291,-8.24389,europe,uki,irl,true,false,false
2017-04-06T06:24:41.946095,2017-06-21T11:46:14.636594,NULL,109,Israel,IL,AS,ILS,"<Point srsName=""EPSG:4326""><coordinates>34.851612000000003,31.046050999999999</coordinates></Point>",31.046051,34.851612,row,other,isr,false,false,false
2017-04-06T06:24:41.942341,2017-06-21T11:46:13.764597,NULL,108,Isle of Man,IM,EU,GBP,"<Point srsName=""EPSG:4326""><coordinates>-4.548056,54.236106999999997</coordinates></Point>",54.236107,-4.548056,europe,other,imn,true,false,false
2017-04-06T06:24:41.917310,2017-06-21T11:46:08.185985,NULL,103,India,IN,AS,INR,"<Point srsName=""EPSG:4326""><coordinates>78.962879999999998,20.593684</coordinates></Point>",20.593684,78.96288,row,other,ind,false,false,false
2017-04-06T06:24:41.532282,2018-11-27T10:45:38.630848,NULL,33,British Indian Ocean Territory,IO,AS,USD,"<Point srsName=""EPSG:4326""><coordinates>71.876519000000002,-6.343194</coordinates></Point>",-6.343194,71.876519,row,other,iot,false,true,false
2017-04-06T06:24:41.930429,2017-06-21T11:46:11.837507,NULL,106,Iraq,IQ,AS,USD,"<Point srsName=""EPSG:4326""><coordinates>43.679290999999999,33.223191</coordinates></Point>",33.223191,43.679291,row,other,irq,false,true,false
2017-04-06T06:24:41.927075,2018-11-27T10:45:48.236984,NULL,105,Iran,IR,AS,USD,"<Point srsName=""EPSG:4326""><coordinates>53.688046,32.427908000000002</coordinates></Point>",32.427908,53.688046,row,other,irn,false,true,false
2017-04-06T06:24:41.908357,2017-06-21T11:46:08.156888,NULL,102,Iceland,IS,EU,EUR,"<Point srsName=""EPSG:4326""><coordinates>-19.020835000000002,64.963050999999993</coordinates></Point>",64.963051,-19.020835,europe,other,isl,false,false,true
2017-04-06T06:24:41.954447,2017-06-21T11:46:15.284595,NULL,110,Italy,IT,EU,EUR,"<Point srsName=""EPSG:4326""><coordinates>12.56738,41.871940000000002</coordinates></Point>",41.87194,12.56738,europe,other,ita,true,false,false
2017-04-06T06:24:41.965603,2017-06-21T11:46:19.788397,NULL,113,Jersey,JE,EU,GBP,"<Point srsName=""EPSG:4326""><coordinates>-2.13125,49.214438999999999</coordinates></Point>",49.214439,-2.13125,europe,other,jey,false,false,false
2017-04-06T06:24:41.955056,2017-06-21T11:46:18.700599,NULL,111,Jamaica,JM,NA,USD,"<Point srsName=""EPSG:4326""><coordinates>-77.297507999999993,18.109580999999999</coordinates></Point>",18.109581,-77.297508,north-america,other,jam,false,false,false
2017-04-06T06:24:41.974863,2017-06-21T11:46:19.896682,NULL,114,Jordan,JO,AS,USD,"<Point srsName=""EPSG:4326""><coordinates>36.238413999999999,30.585163999999999</coordinates></Point>",30.585164,36.238414,row,other,jor,false,false,false
2017-04-06T06:24:41.966395,2017-06-21T11:46:19.764486,NULL,112,Japan,JP,AS,JPY,"<Point srsName=""EPSG:4326""><coordinates>138.252924000000007,36.204824000000002</coordinates></Point>",36.204824,138.252924,row,other,jpn,false,false,false
2017-04-06T06:24:41.984076,2017-06-21T11:46:20.084613,NULL,116,Kenya,KE,AF,USD,"<Point srsName=""EPSG:4326""><coordinates>37.906193000000002,-0.023559</coordinates></Point>",-0.023559,37.906193,row,other,ken,false,false,false
2017-04-06T06:24:42.012107,2017-06-21T11:46:26.240621,NULL,121,Kyrgyzstan,KG,AS,USD,"<Point srsName=""EPSG:4326""><coordinates>74.766098,41.20438</coordinates></Point>",41.20438,74.766098,row,other,kgz,false,true,false
2017-04-06T06:24:41.556193,2017-06-21T11:45:57.440596,NULL,38,Cambodia,KH,AS,USD,"<Point srsName=""EPSG:4326""><coordinates>104.990962999999994,12.565678999999999</coordinates></Point>",12.565679,104.990963,row,other,khm,false,true,false
2017-04-06T06:24:41.990864,2017-06-21T11:46:22.428671,NULL,117,Kiribati,KI,OC,AUD,"<Point srsName=""EPSG:4326""><coordinates>-168.734038999999996,-3.370417</coordinates></Point>",-3.370417,-168.734039,row,other,kir,false,true,false
2017-04-06T06:24:41.624116,2017-06-21T11:46:00.189614,NULL,50,Comoros,KM,AF,USD,"<Point srsName=""EPSG:4326""><coordinates>43.872219000000001,-11.875000999999999</coordinates></Point>",-11.875001,43.872219,row,other,com,false,true,false
2017-04-06T06:24:42.390206,2017-06-21T11:46:40.006426,NULL,188,Saint Kitts and Nevis,KN,NA,USD,"<Point srsName=""EPSG:4326""><coordinates>-62.782997999999999,17.357821999999999</coordinates></Point>",17.357822,-62.782998,north-america,other,kna,false,false,false
2017-04-06T06:24:41.993565,2018-11-27T10:45:57.089590,NULL,118,North Korea,KP,AS,USD,"<Point srsName=""EPSG:4326""><coordinates>127.510092999999998,40.339852</coordinates></Point>",40.339852,127.510093,row,other,prk,false,true,false
2017-04-06T06:24:42.002825,2017-06-21T11:46:24.032594,NULL,119,South Korea,KR,AS,USD,"<Point srsName=""EPSG:4326""><coordinates>127.766921999999994,35.907756999999997</coordinates></Point>",35.907757,127.766922,row,other,kor,false,false,false
2017-04-06T06:24:42.002754,2017-06-21T11:46:25.888700,NULL,120,Kuwait,KW,AS,USD,"<Point srsName=""EPSG:4326""><coordinates>47.481766,29.31166</coordinates></Point>",29.31166,47.481766,row,other,kwt,false,false,false
2017-04-06T06:24:41.580912,2017-06-21T11:45:58.387215,NULL,42,Cayman Islands,KY,NA,USD,"<Point srsName=""EPSG:4326""><coordinates>-80.566956000000005,19.513469000000001</coordinates></Point>",19.513469,-80.566956,north-america,other,cym,false,false,false
2017-04-06T06:24:41.978363,2017-06-21T11:46:20.008129,NULL,115,Kazakhstan,KZ,AS,USD,"<Point srsName=""EPSG:4326""><coordinates>66.923683999999994,48.019573000000001</coordinates></Point>",48.019573,66.923684,row,other,kaz,false,false,false
2017-04-06T06:24:42.015600,2017-06-21T11:46:26.384609,NULL,122,Laos,LA,AS,USD,"<Point srsName=""EPSG:4326""><coordinates>102.495496000000003,19.856269999999999</coordinates></Point>",19.85627,102.495496,row,other,lao,false,true,false
2017-04-06T06:24:42.027279,2017-06-21T11:46:26.592596,NULL,124,Lebanon,LB,AS,USD,"<Point srsName=""EPSG:4326""><coordinates>35.862285,33.854720999999998</coordinates></Point>",33.854721,35.862285,row,other,lbn,false,true,false
2017-04-06T06:24:42.393895,2017-06-21T11:46:40.252644,NULL,189,Saint Lucia,LC,NA,USD,"<Point srsName=""EPSG:4326""><coordinates>-60.978892999999999,13.909444000000001</coordinates></Point>",13.909444,-60.978893,north-america,other,lca,false,false,false
2017-04-06T06:24:42.051012,2017-06-21T11:46:27.768622,NULL,128,Liechtenstein,LI,EU,CHF,"<Point srsName=""EPSG:4326""><coordinates>9.555372999999999,47.165999999999997</coordinates></Point>",47.166,9.555373,europe,other,lie,false,false,true
2017-04-06T06:24:42.504576,2017-06-21T11:46:43.183261,NULL,210,Sri Lanka,LK,AS,USD,"<Point srsName=""EPSG:4326""><coordinates>80.771797000000007,7.873054</coordinates></Point>",7.873054,80.771797,row,other,lka,false,true,false
2017-04-06T06:24:42.039217,2017-06-21T11:46:27.432754,NULL,126,Liberia,LR,AF,USD,"<Point srsName=""EPSG:4326""><coordinates>-9.429499,6.428055</coordinates></Point>",6.428055,-9.429499,row,other,lbr,false,true,false
2017-04-06T06:24:42.031120,2017-06-21T11:46:26.936580,NULL,125,Lesotho,LS,AF,USD,"<Point srsName=""EPSG:4326""><coordinates>28.233608,-29.609988000000001</coordinates></Point>",-29.609988,28.233608,row,other,lso,false,false,false
2017-04-06T06:24:42.050869,2017-06-21T11:46:29.241267,NULL,129,Lithuania,LT,EU,EUR,"<Point srsName=""EPSG:4326""><coordinates>23.881274999999999,55.169438</coordinates></Point>",55.169438,23.881275,europe,other,ltu,true,false,false
2017-04-06T06:24:42.060777,2017-06-21T11:46:29.294132,NULL,130,Luxembourg,LU,EU,EUR,"<Point srsName=""EPSG:4326""><coordinates>6.129583,49.815272999999998</coordinates></Point>",49.815273,6.129583,europe,benelux and nordics,lux,true,false,false
2017-04-06T06:24:42.021337,2017-06-21T11:46:26.488595,NULL,123,Latvia,LV,EU,EUR,"<Point srsName=""EPSG:4326""><coordinates>24.603189,56.879635</coordinates></Point>",56.879635,24.603189,europe,other,lva,true,false,false
2017-04-06T06:24:42.040866,2017-06-21T11:46:27.436688,NULL,127,Libya,LY,AF,USD,"<Point srsName=""EPSG:4326""><coordinates>17.228331000000001,26.335100000000001</coordinates></Point>",26.3351,17.228331,row,other,lby,false,true,false
2017-04-06T06:24:42.174672,2017-06-21T11:46:31.748683,NULL,151,Morocco,MA,AF,EUR,"<Point srsName=""EPSG:4326""><coordinates>-7.09262,31.791702000000001</coordinates></Point>",31.791702,-7.09262,row,other,mar,false,false,false
2017-04-06T06:24:42.153418,2017-06-21T11:46:31.664162,NULL,147,Monaco,MC,EU,EUR,"<Point srsName=""EPSG:4326""><coordinates>7.412841,43.750298000000001</coordinates></Point>",43.750298,7.412841,europe,other,mco,true,false,false
2017-04-06T06:24:42.150568,2017-06-21T11:46:31.652503,NULL,146,Moldova,MD,EU,USD,"<Point srsName=""EPSG:4326""><coordinates>28.369885,47.411631</coordinates></Point>",47.411631,28.369885,europe,other,mda,false,false,false
2017-04-06T06:24:42.162738,2017-06-21T11:46:31.673917,NULL,149,Montenegro,ME,EU,EUR,"<Point srsName=""EPSG:4326""><coordinates>19.374389999999998,42.708677999999999</coordinates></Point>",42.708678,19.37439,europe,other,mne,false,false,false
2017-04-06T06:24:42.075574,2017-06-21T11:46:29.744182,NULL,133,Madagascar,MG,AF,USD,"<Point srsName=""EPSG:4326""><coordinates>46.869107,-18.766946999999998</coordinates></Point>",-18.766947,46.869107,row,other,mdg,false,true,false
2017-04-06T06:24:42.112542,2017-06-21T11:46:30.440514,NULL,139,Marshall Islands,MH,OC,USD,"<Point srsName=""EPSG:4326""><coordinates>171.184478000000013,7.131474</coordinates></Point>",7.131474,171.184478,row,other,mhl,false,true,false
2017-04-06T06:24:42.070227,2017-06-21T11:46:29.715829,NULL,132,Macedonia,MK,EU,EUR,"<Point srsName=""EPSG:4326""><coordinates>21.745274999999999,41.608635</coordinates></Point>",41.608635,21.745275,europe,other,mkd,false,false,false
2017-04-06T06:24:42.100496,2017-06-21T11:46:30.385880,NULL,137,Mali,ML,AF,USD,"<Point srsName=""EPSG:4326""><coordinates>-3.996166,17.570692000000001</coordinates></Point>",17.570692,-3.996166,row,other,mli,false,true,false
2017-04-06T06:24:42.186466,2017-06-21T11:46:31.826889,NULL,153,Myanmar,MM,AS,USD,"<Point srsName=""EPSG:4326""><coordinates>95.956222999999994,21.913965000000001</coordinates></Point>",21.913965,95.956223,row,other,mmr,false,true,false
2017-04-06T06:24:42.162269,2017-06-21T11:46:31.662749,NULL,148,Mongolia,MN,AS,USD,"<Point srsName=""EPSG:4326""><coordinates>103.846655999999996,46.862496</coordinates></Point>",46.862496,103.846656,row,other,mng,false,true,false
2017-04-06T06:24:42.063812,2017-06-21T11:46:29.700566,NULL,131,"Macao S.A.R., China",MO,AS,USD,"<Point srsName=""EPSG:4326""><coordinates>113.543873000000005,22.198744999999999</coordinates></Point>",22.198745,113.543873,row,other,mac,false,true,false
2017-04-06T06:24:42.261374,2017-06-21T11:46:36.082374,NULL,166,Northern Mariana Islands,MP,OC,USD,"<Point srsName=""EPSG:4326""><coordinates>145.384690000000006,17.330829999999999</coordinates></Point>",17.33083,145.38469,row,other,mnp,false,false,false
2017-04-06T06:24:42.111722,2017-06-21T11:46:30.848425,NULL,140,Martinique,MQ,NA,USD,"<Point srsName=""EPSG:4326""><coordinates>-61.024174000000002,14.641527999999999</coordinates></Point>",14.641528,-61.024174,north-america,other,mtq,false,false,false
2017-04-06T06:24:42.122991,2017-06-21T11:46:31.338721,NULL,141,Mauritania,MR,AF,USD,"<Point srsName=""EPSG:4326""><coordinates>-10.940835,21.00789</coordinates></Point>",21.00789,-10.940835,row,other,mrt,false,true,false
2017-04-06T06:24:42.172224,2017-06-21T11:46:31.737557,NULL,150,Montserrat,MS,NA,USD,"<Point srsName=""EPSG:4326""><coordinates>-62.187365999999997,16.742498000000001</coordinates></Point>",16.742498,-62.187366,north-america,other,msr,false,true,false
2017-04-06T06:24:42.101992,2017-06-21T11:46:30.435194,NULL,138,Malta,MT,EU,EUR,"<Point srsName=""EPSG:4326""><coordinates>14.375416,35.937496000000003</coordinates></Point>",35.937496,14.375416,europe,other,mlt,true,false,false
2017-04-06T06:24:42.127158,2017-06-21T11:46:31.352670,NULL,142,Mauritius,MU,AF,EUR,"<Point srsName=""EPSG:4326""><coordinates>57.552152,-20.348403999999999</coordinates></Point>",-20.348404,57.552152,row,other,mus,false,false,false
2017-04-06T06:24:42.089182,2017-06-21T11:46:30.368594,NULL,136,Maldives,MV,AS,USD,"<Point srsName=""EPSG:4326""><coordinates>73.220680000000002,3.202778</coordinates></Point>",3.202778,73.22068,row,other,mdv,false,true,false
2017-04-06T06:24:42.079561,2017-06-21T11:46:29.770917,NULL,134,Malawi,MW,AF,USD,"<Point srsName=""EPSG:4326""><coordinates>34.301524999999998,-13.254308</coordinates></Point>",-13.254308,34.301525,row,other,mwi,false,false,false
2017-04-06T06:24:42.138829,2017-06-21T11:46:31.538612,NULL,144,Mexico,MX,NA,MXN,"<Point srsName=""EPSG:4326""><coordinates>-102.552784000000003,23.634501</coordinates></Point>",23.634501,-102.552784,north-america,other,mex,false,false,false
2017-04-06T06:24:42.087690,2017-06-21T11:46:30.324623,NULL,135,Malaysia,MY,AS,USD,"<Point srsName=""EPSG:4326""><coordinates>101.975765999999993,4.210484</coordinates></Point>",4.210484,101.975766,row,other,mys,false,false,false
2017-04-06T06:24:42.181430,2017-06-21T11:46:31.825460,NULL,152,Mozambique,MZ,AF,USD,"<Point srsName=""EPSG:4326""><coordinates>35.529561999999999,-18.665694999999999</coordinates></Point>",-18.665695,35.529562,row,other,moz,false,false,false
2017-04-06T06:24:42.191165,2017-06-21T11:46:33.757372,NULL,154,Namibia,NA,AF,USD,"<Point srsName=""EPSG:4326""><coordinates>18.490410000000001,-22.957640000000001</coordinates></Point>",-22.95764,18.49041,row,other,nam,false,true,false
2017-04-06T06:24:42.221420,2017-06-21T11:46:35.104821,NULL,159,New Caledonia,NC,OC,USD,"<Point srsName=""EPSG:4326""><coordinates>165.618042000000003,-20.904305000000001</coordinates></Point>",-20.904305,165.618042,row,other,ncl,false,false,false
2017-04-06T06:24:42.236870,2017-06-21T11:46:35.417243,NULL,162,Niger,NE,AF,USD,"<Point srsName=""EPSG:4326""><coordinates>8.081666,17.607789</coordinates></Point>",17.607789,8.081666,row,other,ner,false,true,false
2017-04-06T06:24:42.249929,2017-06-21T11:46:35.920626,NULL,165,Norfolk Island,NF,OC,AUD,"<Point srsName=""EPSG:4326""><coordinates>167.954712000000001,-29.040835000000001</coordinates></Point>",-29.040835,167.954712,row,other,nfk,false,true,false
2017-04-06T06:24:42.240720,2017-06-21T11:46:35.797522,NULL,163,Nigeria,NG,AF,USD,"<Point srsName=""EPSG:4326""><coordinates>8.675276999999999,9.081999</coordinates></Point>",9.081999,8.675277,row,other,nga,false,true,false
2017-04-06T06:24:42.230951,2017-06-21T11:46:35.356593,NULL,161,Nicaragua,NI,NA,USD,"<Point srsName=""EPSG:4326""><coordinates>-85.207228999999998,12.865416</coordinates></Point>",12.865416,-85.207229,north-america,other,nic,false,false,false
2017-04-06T06:24:42.212426,2017-06-21T11:46:34.952594,NULL,157,Netherlands,NL,EU,EUR,"<Point srsName=""EPSG:4326""><coordinates>5.291266,52.132632999999998</coordinates></Point>",52.132633,5.291266,europe,benelux and nordics,nld,true,false,false
2017-04-06T06:24:42.260214,2017-06-21T11:46:36.134884,NULL,167,Norway,NO,EU,NOK,"<Point srsName=""EPSG:4326""><coordinates>8.468946000000001,60.472023999999998</coordinates></Point>",60.472024,8.468946,europe,benelux and nordics,nor,false,false,true
2017-04-06T06:24:42.200610,2017-06-21T11:46:34.469046,NULL,156,Nepal,NP,AS,USD,"<Point srsName=""EPSG:4326""><coordinates>84.124008000000003,28.394856999999998</coordinates></Point>",28.394857,84.124008,row,other,npl,false,true,false
2017-04-06T06:24:42.200040,2017-06-21T11:46:33.832623,NULL,155,Nauru,NR,OC,USD,"<Point srsName=""EPSG:4326""><coordinates>166.931502999999992,-0.522778</coordinates></Point>",-0.522778,166.931503,row,other,nru,false,true,false
2017-04-06T06:24:42.249074,2017-06-21T11:46:35.808364,NULL,164,Niue,NU,OC,NZD,"<Point srsName=""EPSG:4326""><coordinates>-169.867232999999999,-19.054445000000001</coordinates></Point>",-19.054445,-169.867233,row,other,niu,false,true,false
2017-04-06T06:24:42.224608,2017-06-21T11:46:35.160641,NULL,160,New Zealand,NZ,OC,NZD,"<Point srsName=""EPSG:4326""><coordinates>174.885971000000012,-40.900556999999999</coordinates></Point>",-40.900557,174.885971,row,other,nzl,false,false,false
2017-04-06T06:24:42.270231,2017-06-21T11:46:36.426044,NULL,168,Oman,OM,AS,USD,"<Point srsName=""EPSG:4326""><coordinates>55.923254999999997,21.512582999999999</coordinates></Point>",21.512583,55.923255,row,other,omn,false,false,false
2017-04-06T06:24:42.288805,2017-06-21T11:46:37.001653,NULL,172,Panama,PA,NA,USD,"<Point srsName=""EPSG:4326""><coordinates>-80.782127000000003,8.537981</coordinates></Point>",8.537981,-80.782127,north-america,other,pan,false,false,false
2017-04-06T06:24:42.309377,2017-06-21T11:46:37.247980,NULL,175,Peru,PE,SA,USD,"<Point srsName=""EPSG:4326""><coordinates>-75.015152,-9.189966999999999</coordinates></Point>",-9.189967,-75.015152,row,other,per,false,false,false
2017-04-06T06:24:41.784989,2017-06-21T11:46:04.462850,NULL,78,French Polynesia,PF,OC,EUR,"<Point srsName=""EPSG:4326""><coordinates>-149.406843000000009,-17.679742000000001</coordinates></Point>",-17.679742,-149.406843,row,other,pyf,false,false,false
2017-04-06T06:24:42.297382,2017-06-21T11:46:37.012467,NULL,173,Papua New Guinea,PG,OC,USD,"<Point srsName=""EPSG:4326""><coordinates>143.955549999999988,-6.314993</coordinates></Point>",-6.314993,143.95555,row,other,png,false,true,false
2017-04-06T06:24:42.309555,2017-06-21T11:46:37.279237,NULL,176,Philippines,PH,AS,PHP,"<Point srsName=""EPSG:4326""><coordinates>121.774017000000001,12.879721</coordinates></Point>",12.879721,121.774017,row,other,phl,false,false,false
2017-04-06T06:24:42.273625,2017-06-21T11:46:36.428379,NULL,169,Pakistan,PK,AS,USD,"<Point srsName=""EPSG:4326""><coordinates>69.345116000000004,30.375321</coordinates></Point>",30.375321,69.345116,row,other,pak,false,true,false
2017-04-06T06:24:42.322452,2017-06-21T11:46:37.668677,NULL,178,Poland,PL,EU,PLN,"<Point srsName=""EPSG:4326""><coordinates>19.145136000000001,51.919438</coordinates></Point>",51.919438,19.145136,europe,other,pol,true,false,false
2017-04-06T06:24:42.407097,2017-06-21T11:46:40.360594,NULL,191,Saint Pierre and Miquelon,PM,NA,EUR,"<Point srsName=""EPSG:4326""><coordinates>-56.27111,46.941935999999998</coordinates></Point>",46.941936,-56.27111,north-america,other,spm,false,true,false
2017-04-06T06:24:42.318988,2017-06-21T11:46:37.393337,NULL,177,Pitcairn,PN,OC,NZD,"<Point srsName=""EPSG:4326""><coordinates>-127.439307999999997,-24.703614999999999</coordinates></Point>",-24.703615,-127.439308,row,other,pcn,false,true,false
2017-04-06T06:24:42.334288,2017-06-21T11:46:38.544612,NULL,180,Puerto Rico,PR,NA,USD,"<Point srsName=""EPSG:4326""><coordinates>-66.590148999999997,18.220832999999999</coordinates></Point>",18.220833,-66.590149,north-america,other,pri,false,false,false
2017-04-06T06:24:42.285327,2017-06-21T11:46:36.474761,NULL,171,Palestinian Territory,PS,AS,USD,"<Point srsName=""EPSG:4326""><coordinates>35.233153999999999,31.952162000000001</coordinates></Point>",31.952162,35.233154,row,other,pse,false,true,false
2017-04-06T06:24:42.330526,2017-06-21T11:46:38.072626,NULL,179,Portugal,PT,EU,EUR,"<Point srsName=""EPSG:4326""><coordinates>-8.224454,39.399872000000002</coordinates></Point>",39.399872,-8.224454,europe,other,prt,true,false,false
2017-04-06T06:24:42.279475,2017-06-21T11:46:36.469043,NULL,170,Palau,PW,OC,USD,"<Point srsName=""EPSG:4326""><coordinates>134.582519999999988,7.51498</coordinates></Point>",7.51498,134.58252,row,other,plw,false,false,false
2017-04-06T06:24:42.299210,2017-06-21T11:46:37.029648,NULL,174,Paraguay,PY,SA,USD,"<Point srsName=""EPSG:4326""><coordinates>-58.443832,-23.442502999999999</coordinates></Point>",-23.442503,-58.443832,row,other,pry,false,true,false
2017-04-06T06:24:42.344662,2017-06-21T11:46:38.732401,NULL,181,Qatar,QA,AS,USD,"<Point srsName=""EPSG:4326""><coordinates>51.183883999999999,25.354825999999999</coordinates></Point>",25.354826,51.183884,row,other,qat,false,false,false
2017-04-06T06:24:42.346313,2017-06-21T11:46:38.890486,NULL,182,Reunion,RE,AF,EUR,"<Point srsName=""EPSG:4326""><coordinates>55.536383999999998,-21.115141000000001</coordinates></Point>",-21.115141,55.536384,row,other,reu,false,false,false
2017-04-06T06:24:42.357915,2017-06-21T11:46:38.908619,NULL,183,Romania,RO,EU,EUR,"<Point srsName=""EPSG:4326""><coordinates>24.966760000000001,45.943161000000003</coordinates></Point>",45.943161,24.96676,europe,other,rou,true,false,false
2017-04-06T06:24:42.443169,2017-06-21T11:46:42.488596,NULL,198,Serbia,RS,EU,EUR,"<Point srsName=""EPSG:4326""><coordinates>21.005859000000001,44.016520999999997</coordinates></Point>",44.016521,21.005859,europe,other,srb,false,false,false
2017-04-06T06:24:42.369792,2017-06-21T11:46:39.479430,NULL,185,Rwanda,RW,AF,USD,"<Point srsName=""EPSG:4326""><coordinates>29.873888000000001,-1.940278</coordinates></Point>",-1.940278,29.873888,row,other,rwa,false,false,false
2017-04-06T06:24:42.430379,2017-06-21T11:46:40.668338,NULL,196,Saudi Arabia,SA,AS,USD,"<Point srsName=""EPSG:4326""><coordinates>45.079161999999997,23.885942</coordinates></Point>",23.885942,45.079162,row,other,sau,false,false,false
2017-04-06T06:24:42.480133,2017-06-21T11:46:43.108221,NULL,205,Solomon Islands,SB,OC,USD,"<Point srsName=""EPSG:4326""><coordinates>160.156193999999999,-9.645709999999999</coordinates></Point>",-9.64571,160.156194,row,other,slb,false,true,false
2017-04-06T06:24:42.448550,2017-06-21T11:46:42.492595,NULL,199,Seychelles,SC,AF,USD,"<Point srsName=""EPSG:4326""><coordinates>55.491976999999999,-4.679574</coordinates></Point>",-4.679574,55.491977,row,other,syc,false,false,false
2017-04-06T06:24:42.517364,2018-11-27T10:47:11.540376,NULL,212,Sudan,SD,AF,USD,"<Point srsName=""EPSG:4326""><coordinates>30.217635999999999,12.862807</coordinates></Point>",12.862807,30.217636,row,other,sdn,false,true,false
2017-04-06T06:24:42.541127,2017-06-21T11:46:51.104596,NULL,216,Sweden,SE,EU,SEK,"<Point srsName=""EPSG:4326""><coordinates>18.643501000000001,60.128160999999999</coordinates></Point>",60.128161,18.643501,europe,benelux and nordics,swe,true,false,false
2017-04-06T06:24:42.458073,2017-06-21T11:46:42.792624,NULL,201,Singapore,SG,AS,SGD,"<Point srsName=""EPSG:4326""><coordinates>103.819835999999995,1.352083</coordinates></Point>",1.352083,103.819836,row,other,sgp,false,false,false
2017-04-06T06:24:42.381995,2017-06-21T11:46:39.980593,NULL,187,Saint Helena,SH,AF,GBP,"<Point srsName=""EPSG:4326""><coordinates>-10.030696000000001,-24.143474000000001</coordinates></Point>",-24.143474,-10.030696,row,other,shn,false,true,false
2017-04-06T06:24:42.476875,2017-06-21T11:46:43.048663,NULL,204,Slovenia,SI,EU,EUR,"<Point srsName=""EPSG:4326""><coordinates>14.995463000000001,46.151240999999999</coordinates></Point>",46.151241,14.995463,europe,other,svn,true,false,false
2017-04-06T06:24:42.529024,2017-06-21T11:46:51.043267,NULL,214,Svalbard and Jan Mayen,SJ,EU,NOK,"<Point srsName=""EPSG:4326""><coordinates>23.670272000000001,77.553604000000007</coordinates></Point>",77.553604,23.670272,europe,other,sjm,false,true,false
2017-04-06T06:24:42.467348,2017-06-21T11:46:42.959634,NULL,203,Slovakia,SK,EU,EUR,"<Point srsName=""EPSG:4326""><coordinates>19.699024000000001,48.669026000000002</coordinates></Point>",48.669026,19.699024,europe,other,svk,true,false,false
2017-04-06T06:24:42.454948,2017-06-21T11:46:42.703862,NULL,200,Sierra Leone,SL,AF,USD,"<Point srsName=""EPSG:4326""><coordinates>-11.779889000000001,8.460554999999999</coordinates></Point>",8.460555,-11.779889,row,other,sle,false,true,false
2017-04-06T06:24:42.419342,2017-06-21T11:46:40.468656,NULL,194,San Marino,SM,EU,EUR,"<Point srsName=""EPSG:4326""><coordinates>12.457777,43.942360000000001</coordinates></Point>",43.94236,12.457777,europe,other,smr,false,false,false
2017-04-06T06:24:42.439494,2017-06-21T11:46:40.914675,NULL,197,Senegal,SN,AF,USD,"<Point srsName=""EPSG:4326""><coordinates>-14.452362000000001,14.497401</coordinates></Point>",14.497401,-14.452362,row,other,sen,false,false,false
2017-04-06T06:24:42.486176,2017-06-21T11:46:43.145623,NULL,206,Somalia,SO,AF,USD,"<Point srsName=""EPSG:4326""><coordinates>46.199615999999999,5.152149</coordinates></Point>",5.152149,46.199616,row,other,som,false,true,false
2017-04-06T06:24:42.523448,2017-06-21T11:46:49.732144,NULL,213,Suriname,SR,SA,USD,"<Point srsName=""EPSG:4326""><coordinates>-56.027782999999999,3.919305</coordinates></Point>",3.919305,-56.027783,row,other,sur,false,true,false
2017-04-06T06:24:42.431061,2017-06-21T11:46:40.520594,NULL,195,Sao Tome and Principe,ST,AF,USD,"<Point srsName=""EPSG:4326""><coordinates>6.613081,0.18636</coordinates></Point>",0.18636,6.613081,row,other,stp,false,true,false
2017-04-06T06:24:41.721803,2017-06-21T11:46:03.426964,NULL,67,El Salvador,SV,NA,USD,"<Point srsName=""EPSG:4326""><coordinates>-88.896529999999998,13.794185000000001</coordinates></Point>",13.794185,-88.89653,north-america,other,slv,false,false,false
2017-04-06T06:24:42.552871,2018-11-27T10:47:52.376427,NULL,218,Syria,SY,AS,USD,"<Point srsName=""EPSG:4326""><coordinates>38.996814999999998,34.802075000000002</coordinates></Point>",34.802075,38.996815,row,other,syr,false,true,false
2017-04-06T06:24:42.532579,2017-06-21T11:46:51.048642,NULL,215,Swaziland,SZ,AF,USD,"<Point srsName=""EPSG:4326""><coordinates>31.465865999999998,-26.522503</coordinates></Point>",-26.522503,31.465866,row,other,swz,false,true,false
2017-04-06T06:24:42.620947,2017-06-21T11:46:55.894815,NULL,231,Turks and Caicos Islands,TC,NA,USD,"<Point srsName=""EPSG:4326""><coordinates>-71.797927999999999,21.694025</coordinates></Point>",21.694025,-71.797928,north-america,other,tca,false,false,false
2017-04-06T06:24:41.592689,2017-06-21T11:45:58.797202,NULL,44,Chad,TD,AF,USD,"<Point srsName=""EPSG:4326""><coordinates>18.732206999999999,15.454166000000001</coordinates></Point>",15.454166,18.732207,row,other,tcd,false,true,false
2017-04-06T06:24:41.784859,2018-11-27T10:48:22.581149,NULL,79,French Southern Territories,TF,AN,EUR,"<Point srsName=""EPSG:4326""><coordinates>69.348557,-49.280366000000001</coordinates></Point>",-49.280366,69.348557,row,other,atf,false,true,false
2017-04-06T06:24:42.580784,2017-06-21T11:46:53.612635,NULL,224,Togo,TG,AF,USD,"<Point srsName=""EPSG:4326""><coordinates>0.824782,8.619543</coordinates></Point>",8.619543,0.824782,row,other,tgo,false,true,false
2017-04-06T06:24:42.571648,2017-06-21T11:46:53.467421,NULL,222,Thailand,TH,AS,THB,"<Point srsName=""EPSG:4326""><coordinates>100.992541000000003,15.870032</coordinates></Point>",15.870032,100.992541,row,other,tha,false,false,false
2017-04-06T06:24:42.562647,2017-06-21T11:46:52.000620,NULL,220,Tajikistan,TJ,AS,USD,"<Point srsName=""EPSG:4326""><coordinates>71.276093000000003,38.861033999999997</coordinates></Point>",38.861034,71.276093,row,other,tjk,false,true,false
2017-04-06T06:24:42.589594,2018-11-27T10:48:28.653392,NULL,225,Tokelau,TK,OC,USD,"<Point srsName=""EPSG:4326""><coordinates>-171.855881000000011,-8.967363000000001</coordinates></Point>",-8.967363,-171.855881,row,other,tkl,false,true,false
2017-04-06T06:24:42.577453,2017-06-21T11:46:53.532728,NULL,223,Timor-Leste,TL,AS,USD,"<Point srsName=""EPSG:4326""><coordinates>125.727538999999993,-8.874217</coordinates></Point>",-8.874217,125.727539,row,other,tls,false,true,false
2017-04-06T06:24:42.618323,2017-06-21T11:46:55.881733,NULL,230,Turkmenistan,TM,AS,USD,"<Point srsName=""EPSG:4326""><coordinates>59.556277999999999,38.969718999999998</coordinates></Point>",38.969719,59.556278,row,other,tkm,false,true,false
2017-04-06T06:24:42.590224,2017-06-21T11:46:53.796627,NULL,226,Tonga,TO,OC,USD,"<Point srsName=""EPSG:4326""><coordinates>-175.198241999999993,-21.178985999999998</coordinates></Point>",-21.178986,-175.198242,row,other,ton,false,true,false
2017-04-06T06:24:42.611375,2017-11-29T16:49:40.238880,NULL,229,Turkey,TR,AS,EUR,"<Point srsName=""EPSG:4326""><coordinates>35.243321999999999,38.963745000000003</coordinates></Point>",38.963745,35.243322,row,other,tur,false,false,false
2017-04-06T06:24:42.601920,2017-06-21T11:46:55.100595,NULL,227,Trinidad and Tobago,TT,NA,USD,"<Point srsName=""EPSG:4326""><coordinates>-61.222503000000003,10.691803</coordinates></Point>",10.691803,-61.222503,north-america,other,tto,false,false,false
2017-04-06T06:24:42.629954,2017-06-21T11:46:55.933092,NULL,232,Tuvalu,TV,OC,AUD,"<Point srsName=""EPSG:4326""><coordinates>177.649329999999992,-7.109535</coordinates></Point>",-7.109535,177.64933,row,other,tuv,false,true,false
2017-04-06T06:24:42.552875,2017-06-21T11:46:51.935130,NULL,219,Taiwan,TW,AS,TWD,"<Point srsName=""EPSG:4326""><coordinates>120.960515000000001,23.69781</coordinates></Point>",23.69781,120.960515,row,other,twn,false,false,false
2017-04-06T06:24:42.565667,2017-06-21T11:46:52.968595,NULL,221,Tanzania,TZ,AF,USD,"<Point srsName=""EPSG:4326""><coordinates>34.888821999999998,-6.369028</coordinates></Point>",-6.369028,34.888822,row,other,tza,false,true,false
2017-04-06T06:24:42.639267,2017-06-21T11:46:56.040597,NULL,234,Ukraine,UA,EU,USD,"<Point srsName=""EPSG:4326""><coordinates>31.165579999999999,48.379432999999999</coordinates></Point>",48.379433,31.16558,europe,other,ukr,false,true,false
2017-04-06T06:24:42.638874,2017-06-21T11:46:55.944396,NULL,233,Uganda,UG,AF,USD,"<Point srsName=""EPSG:4326""><coordinates>32.290275000000001,1.373333</coordinates></Point>",1.373333,32.290275,row,other,uga,false,true,false
2017-04-06T06:24:42.657688,2017-06-21T11:46:56.111169,NULL,237,United States,US,NA,USD,"<Point srsName=""EPSG:4326""><coordinates>-95.712890999999999,37.090240000000001</coordinates></Point>",37.09024,-95.712891,north-america,us/ca,usa,false,false,false
2017-04-06T06:24:42.670903,2017-06-21T11:46:56.288609,NULL,239,Uruguay,UY,SA,USD,"<Point srsName=""EPSG:4326""><coordinates>-55.765835000000003,-32.522779</coordinates></Point>",-32.522779,-55.765835,row,other,ury,false,false,false
2017-04-06T06:24:42.675916,2017-06-21T11:46:56.316720,NULL,240,Uzbekistan,UZ,AS,USD,"<Point srsName=""EPSG:4326""><coordinates>64.585262,41.377490999999999</coordinates></Point>",41.377491,64.585262,row,other,uzb,false,true,false
2017-04-06T06:24:41.889226,2017-06-21T11:46:08.016950,NULL,98,Vatican,VA,EU,EUR,"<Point srsName=""EPSG:4326""><coordinates>12.453389,41.902915999999998</coordinates></Point>",41.902916,12.453389,europe,other,vat,false,true,false
2017-04-06T06:24:42.410445,2017-06-21T11:46:40.386965,NULL,192,Saint Vincent and the Grenadines,VC,NA,USD,"<Point srsName=""EPSG:4326""><coordinates>-61.287227999999999,12.984305000000001</coordinates></Point>",12.984305,-61.287228,north-america,other,vct,false,true,false
2017-04-06T06:24:42.695131,2017-06-21T11:46:56.377625,NULL,244,British Virgin Islands,VG,NA,USD,"<Point srsName=""EPSG:4326""><coordinates>-64.639967999999996,18.420694999999998</coordinates></Point>",18.420695,-64.639968,north-america,other,vgb,false,true,false
2017-04-06T06:24:42.704522,2017-06-21T11:46:57.124717,NULL,245,U.S. Virgin Islands,VI,NA,USD,"<Point srsName=""EPSG:4326""><coordinates>-64.896334999999993,18.335764999999999</coordinates></Point>",18.335765,-64.896335,north-america,other,vir,false,false,false
2017-04-06T06:24:42.695275,2017-06-21T11:46:56.374877,NULL,243,Vietnam,VN,AS,USD,"<Point srsName=""EPSG:4326""><coordinates>108.277198999999996,14.058324000000001</coordinates></Point>",14.058324,108.277199,row,other,vnm,false,false,false
2017-04-06T06:24:42.682666,2017-06-21T11:46:56.339817,NULL,241,Vanuatu,VU,OC,USD,"<Point srsName=""EPSG:4326""><coordinates>166.959158000000002,-15.376706</coordinates></Point>",-15.376706,166.959158,row,other,vut,false,true,false
2017-04-06T06:24:42.708182,2017-06-21T11:46:57.240626,NULL,246,Wallis and Futuna,WF,OC,USD,"<Point srsName=""EPSG:4326""><coordinates>-177.156096999999988,-13.768751999999999</coordinates></Point>",-13.768752,-177.156097,row,other,wlf,false,true,false
2017-04-06T06:24:42.418813,2017-06-21T11:46:40.448654,NULL,193,Samoa,WS,OC,NZD,"<Point srsName=""EPSG:4326""><coordinates>-172.104628999999989,-13.759029</coordinates></Point>",-13.759029,-172.104629,row,other,wsm,false,true,false
2017-04-06T06:24:42.719927,2017-06-21T11:46:57.852692,NULL,248,Yemen,YE,AS,USD,"<Point srsName=""EPSG:4326""><coordinates>48.516387999999999,15.552727000000001</coordinates></Point>",15.552727,48.516388,row,other,yem,false,true,false
2017-04-06T06:24:42.132906,2017-06-21T11:46:31.368683,NULL,143,Mayotte,YT,AF,USD,"<Point srsName=""EPSG:4326""><coordinates>45.166243999999999,-12.827500000000001</coordinates></Point>",-12.8275,45.166244,row,other,myt,false,true,false
2017-04-06T06:24:42.491966,2017-06-21T11:46:43.149763,NULL,207,South Africa,ZA,AF,USD,"<Point srsName=""EPSG:4326""><coordinates>22.937505999999999,-30.559481999999999</coordinates></Point>",-30.559482,22.937506,row,other,zaf,false,false,false
2017-04-06T06:24:42.724862,2017-06-21T11:46:57.904694,NULL,249,Zambia,ZM,AF,USD,"<Point srsName=""EPSG:4326""><coordinates>27.849332,-13.133896999999999</coordinates></Point>",-13.133897,27.849332,row,other,zmb,false,true,false
2017-04-06T06:24:42.731985,2017-06-21T11:46:58.484678,NULL,250,Zimbabwe,ZW,AF,USD,"<Point srsName=""EPSG:4326""><coordinates>29.154857,-19.015438</coordinates></Point>",-19.015438,29.154857,row,other,zwe,false,true,false
2017-04-06T06:24:41.344014,2017-06-21T11:45:41.648636,NULL,2,Aland Islands,AX,EU,USD,"<Point srsName=""EPSG:4326""><coordinates>19.9156105,60.178524699999997</coordinates></Point>",60.1785247,19.9156105,europe,other,NULL,false,false,false
2017-04-06T06:24:42.375770,2017-06-21T11:46:39.856650,NULL,186,Saint Barthlemy,BL,NA,EUR,"<Point srsName=""EPSG:4326""><coordinates>-62.833333000000003,17.899999999999999</coordinates></Point>",17.9,-62.833333,north-america,other,NULL,false,false,false
2017-04-06T06:24:41.510593,2017-06-21T11:45:54.794362,NULL,29,"Bonaire, Sint Eustatius and Saba",BQ,NA,USD,"<Point srsName=""EPSG:4326""><coordinates>-68.238533899999993,12.1783611</coordinates></Point>",12.1783611,-68.2385339,north-america,other,NULL,false,false,false
2017-04-06T06:24:41.673732,2017-06-21T11:46:01.880645,NULL,58,Curaao,CW,NA,EUR,"<Point srsName=""EPSG:4326""><coordinates>-68.990020000000001,12.16957</coordinates></Point>",12.16957,-68.99002,north-america,other,NULL,false,false,false
2017-04-06T06:24:42.399913,2017-06-21T11:46:40.296680,NULL,190,Saint Martin (French part),MF,NA,EUR,"<Point srsName=""EPSG:4326""><coordinates>-63.050080899999998,18.070829799999998</coordinates></Point>",18.0708298,-63.0500809,north-america,other,NULL,false,false,false
2017-04-06T06:24:42.513860,2018-11-27T10:47:40.599545,NULL,211,South Sudan,SS,AF,USD,"<Point srsName=""EPSG:4326""><coordinates>31.3069788,6.8769919</coordinates></Point>",6.8769919,31.3069788,row,other,ssd,false,true,false
2017-04-06T06:24:42.466977,2017-06-21T11:46:42.874533,NULL,202,Sint Maarten (Dutch part),SX,NA,EUR,"<Point srsName=""EPSG:4326""><coordinates>-63.054830000000003,18.042480000000001</coordinates></Point>",18.04248,-63.05483,north-america,other,NULL,false,false,false
2017-04-06T06:24:42.666805,2017-06-21T11:46:56.225038,NULL,238,United States Minor Outlying Islands,UM,OC,USD,"<Point srsName=""EPSG:4326""><coordinates>166.647046999999986,19.2823192</coordinates></Point>",19.2823192,166.647047,row,other,umi,false,false,false
2017-04-06T06:24:42.685225,2019-01-29T10:46:34.243272,NULL,242,Venezuela,VE,SA,USD,"<Point srsName=""EPSG:4326""><coordinates>-66.589730000000003,6.42375</coordinates></Point>",6.42375,-66.58973,row,other,ven,false,true,false
2017-04-06T06:24:42.600642,2019-06-07T15:12:37.221155,NULL,228,Tunisia,TN,AF,USD,"<Point srsName=""EPSG:4326""><coordinates>9.537499,33.886916999999997</coordinates></Point>",33.886917,9.537499,row,other,tun,false,false,false